{
    "activation": "ReLU",
    "aggregation": "mean",
    "aggregation_norm": 172.0,
    "batch_size": 10,
    "depth": 2,
    "dropout": 0.0,
    "ffn_hidden_size": 2200,
    "ffn_num_layers": 3,
    "final_lr": 0.001107801957536786,
    "hidden_size": 300,
    "init_lr": 7.408665505245775e-05,
    "max_lr": 0.001125743677553052,
    "warmup_epochs": 15
}